aaron,abad
abas,abaldo
abbie,abarca
abby,abbott
abdul,abbruscato
abel,abdias
abelardo,abel
abelrai,abigail
abigail,abito
abisara,abogada
abogada,abogado
abogados,aboud
abraham,abouon
abrey,abraham
abril,abramo
achille,abrams
adam,abramyan
adamn,acairol
adams,acevedo
adan,acosta
adar,acra
adel,adair
adele,adam
aden,adames
adi,adams
adimarys,adara
adolfo,addis
adria,adela
adrian,adellano
adriana,adrian
adriane,adriana
adriann,aella
adrianni,agass
adriano,agin
adrianus,aguilar
adrien,aguilera
adrienne,ahaa
afrim,ahearn
agathe,ahmad
aggie,ahmed
agnes,ahner
agnieszka,ahrens
agostina,aida
aguilar,ailloud
agustin,airbnb
ahlam,aistara
ahmay,aistars
ahmed,ait
aida,akavova
aide,alain
aiden,alama
aileen,alan
ailyn,alana
aime,alanis
aimee,alarcón
airnbn,alavi
aisha,alba
akhil,albano
aki,albarran
akiko,alberto
alaeddin,albin
alain,albiter
alan,alcalde
alana,alcantar
alanna,alcapone
alannah,aldana
alayne,alegria
alba,alegrias
albañil,alejandra
albert,alejandro
alberto,alekeeva
albina,alengria
aldo,alevizos
aldryn,alex
ale,alexander
alec,alexandra
aleena,alfond
alegario,alger
alejandra,alhondo
alejandro,aliya
aleksandra,all
aleman,allen
alena,allison
aleshia,allum
alessandra,ally
alessandro,alma
aleta,almonte
alethia,aloisio
aletia,alonso
alex,alp
alexa,alper
alexander,alpert
alexandra,altamirano
alexandre,altman
alexandrea,alvarado
alexi,alvarez
alexia,alverà
alexis,alzner
aleyda,ama
alfonso,amadea
alfonzo,amansala
alfred,amansala2
alfredo,amarainy
alia,amaro
alice,ambraisse
alicen,amedeo
alicia,amigos
alida,amin
alie,aminoisharei
alina,amiralai
aline,amorim
alisa,ampudia
alison,amra
alissa,ana
alix,anand
alixandra,and
aliya,andemariam
aliyah,andersen
aliz,anderson
aliza,andra
all,andrade
allan,andrea
allen,andree
allesandro,andres
allesdandro,andrew
allie,andrews
allina,andsaldi
allison,anguera
ally,angulo
allyn,angus
allyson,anja
alma,ann
almadelia,anna
alna,annabel
alon,annie
alona,annitto
alondra,annka
alonso,anonymous
alosnos,ansel
altilano,ansley
aluaro,antoci
alvaro,antoine
alya,antonio
alya6a,antunez
alya6b,anuk
alyse,aponte
alyson,aque
alyssa,aral
alyx,aranda
ama,arcery
aman,arciniejas
amanda,arcos
amandine,ard
amando,ardalan
amansala,arellano
amar,arellanos
amarilis,arenas
amber,argáez
amdia,arianna
ame,arias
amee,ariel
amelia,arjona
amelie,armali
amerson,armantrout
ami,armario
amie,armstrong
amigo,arnet
amigos,arnold
amir,aron
amisha,arons
amit,arredondo
amith,arriaga
amity,arroyo
amma,art
ammar,arthur
amor,arturo
amy,ascencio
amyjo,ascoe
ana,ascotia
anabel,asencio
anais,ash
analia,ashbaugh
analida,ashiko
analise,ashlegh
anamaria,ashmore
anamary,ashtiani
ananda,ashton
ananya,askew
anastasia,aspell
anayeli,aspinwall
anca,assistant
ancelmo,assor
anda,astron
andersson,athureliya
andra,atif
andre,atighechi
andrea,atilano
andreas,atkinson
andreja,attanasova
andres,atteberry
andrew,attolico
andrews,atwood
andrey,augustine
anduena,augusto
andy,avery
andye,avila
ane,aviv
anel,azadian
anella,azevedo
angel,azoulai
angela,azpeitia
angele,baal
angeles,baarman
angelica,babcock
angelina,babtista
angeline,backus
angelo,bacon
angelynn,badillo
angie,baez
angy,baeza
anh,bagheri
ani,bah
anibal,bahr
anica,bailey
anie,baillie
anika,bailliu
anim,bajda
anina,baker
anique,balarezo
anirudh,balazs
anis,baldasare
anissa,baldwin
anita,bales
anjali,bali
anjie,ballantyne
ann,ballard
anna,ballen
annabela,balliet
annabelle,balsano
annalee,balt
annalisa,baltzley
anne,bamberger
anneliese,bamford
annelise,banati
annemaria,banford
annemarie,banik
annette,banin
annie,banks
annigna,bar
another,bara
anouk,barahona
anthea,barba
anthony,barbaleticia
antje,barbara
antoine,barber
anton,barboni
antonio,barbé
antony,barcenas
anu,bari
anupama,barkley
anurag,barksdale
anya,barlow
anzhelika,barnard
aparna,barnes
april,barnett
apryl,barona
aquilino,barone
aquilio,baroni
aracely,barr
arash,barraza
arava,barreneche
araya,barrenechea
arden,barrera
area,barrios
areli,barrons
arely,barry
argelia,barshan
ariana,bartell
ariane,bartheldi
arianna,bartolero
ariel,barton
arielle,bartos
arizona,bary
arlene,basilio
arleta,basman
arlyne,bass
arman,bassan
armando,batchelor
armonia,bate
arnaud,batey
arnold,batuski
arthur,bauer
arthur1,bauers
arthur2,baum
arthurs,bauman
artur,baumstein
arturo,bausa
aruni,baxter
arvand,bayardo
ash,bayat
asha,bbc
ashlee,beach
ashleigh,beachclub
ashley,beachcub
ashlyn,beah
aspe,beahc
assadour,beaird
asusena,beaton
athena,beattie
ati,beauchamp
atkins,beaumont
atsuko,beauregard
attree,becerra
aubree,bech
auction,bechtel
audra,beck
audrey,becker
audria,beckerman
aundrea,beckert
aura,beckstrom
aurelia,beddingfield
aurelie,bedi
aurellie,bedsole
aureo,bee
aurora,beene
aurore,begneaud
austin,behr
auten,behre
ava,beier
avelardo,belding
avendano,belgarde
avery,beli
aviel,belinda
avila,belk
aviva,bell
awa,bellando
axel,bellinger
aydee,bellofatto
ayesha,belmares
aygline,belmonte
aylee,belosevic
ayme,beltran
aymeric,belz
ayse,belzberg
azalea,benavidez
babak,benbow.
babi,benchemhoun
bahareh,benegas
bahi,benelbas
bahman,benesh
bailey,benhamu
baili,benidze
baillargeault,benitez
balaouris,benjamin
band,bennett
banelly,bennoune
banks,benny
barb,benson
barbara,benz
barbro,berardi
bardia,berdejo
barnshaw,berdichevskiy
barreau,berezdivin
barrett,berg
barrow,bergeron
barry,bergonzi
bart,bergstein
baruch,berkowitz
bas,berman
bashi,bermejo
basia,bermúdez
baudel,bernales
bbmartinez76@gmail.com,bernard
bea,bernardini
beach,bernstein
beata,berse
beate,bertha
beatrice,bertolino
beatriz,bertone
becca,besancon
becci,best
bech,betsy
bechmann,bettini
becki,betts
becky,betz
beldon,beurteaux
belen,bezborodoff
belgica,bhojwani
belinda,bianchini
bell,bibancos
bella,bibas
bellin,bibiana
belson,bibr
ben,bicicleta
benay,biddlecombe
benedetta,bidot
benedicte,biegel
benedikt,biehn
bener,bieniek
benigno,biersack
benito,biggi
benjamin,bike
benn,billingsley
bennet,bina
benoit,biondo
bercy,bird
berenice,birnbaum
berit,biros
berkowitz,bishop
berliat,bishri
bernadette,biskay
bernard,bisson
bernardino,bitak
bernardo,bizari
bernd,black
bernice,blake
berry,blanc
bessette,blanco
beth,blando
bethany,blanken
betsy,blatt
bette,blauser
betti,blefari
bettina,blein
betts,blizzard
betty,bloggs
betzy,blomquist
bevan,blomqvist
beverly,bloqueado
bevin,bloqueo
bhargavi,bloqurwo
biana,blount
bianca,blyth
bici,bob
bieta,bobadilla
bigler,bobish
bijan,bobroff
bike,bock
biken,bogdanski
bikes,boger
bill,bogert
billie,boggi
billy,bohm
binfoh,boice
binh,bois
birgir,boiz
birgitta,bokhari
bittia,bolam
bizanti,bolin
bjorn,bolton
blackman,boncelet
blain,bondarev
blaine,bongard
blaise,bonhotel
blake,bonicolini
blanca,bonnet
blass,bonnin
blathnaid,bonno
bleachclub,book
block,bookman
blockeado,booz
blocked,bordeman
blocking,borenstein
bloq,borman
bloquada,bornstein
bloque,borock
bloqueada,borson
bloqueado,boseman
bloquedado,bosque
bloquedo,bottiger
bloqueo,boublil
blythe,boufeas
bob,boulos
bobbie,boundy
bobby,bouras
bodega,bourquin
body,boutique
bonita,boveri
bonnal,bowden
bonnie,bowen
bony,bowers
booking,bowman
boqueano,bowser
boris,box
borka,boxer
bouchier,boyd
boutique,boyes
bowen,bozic
bracelet,braaten
brad,bracamonte
bradbury,bradley
braden,brady
bradley,braga
bradshaw,brager
braedi,braje
braga,brambah
branden,brandin
brandi,brandon
brandom,branen
brandon,branoff
brandy,branson
braysher,braun
bre,braunschwel
breann,brawley
breanna,brazeau
breen,brecht
breezy,breese
brehan,bregasi
brenda,bregman
brendan,brendling
brenna,brennan
brent,brent
bret,breslerman
breton,bressan
brett,bri
bria,bricker
brian,brickley
briana,brida
brianna,bride
brianne,briese
bridget,briggs
bridgette,briks
brie,brillante
briese,brimmer
brigette,brinkley
brigid,brito
brigitte,bro
brion,broadribb
britany,brocchetta
britney,brock
britny,brody
britt,bronstein
britta,brook
brittany,brooks
brittnay,brosen
britty,brotherton
broadman,brown
brockie,brudzynski
brook,bruhmuller
brooke,bruner
brookelyn,brunet
bruce,bruning
bruna,bruno
bruno,bryan
brusovanik,bryant
bryan,bryce
brynn,bryson
brynne,bts
buchan,buard
burgess,buchanan
burley,buckley
butler,buddharaju
cafetería,budini
cahuich,budoff
caitla,bueno
caitlan,bugeau
caitlin,bugovics
caitlyn,bukhari
caity,buller
caleb,bullrich
calin,bumb
callaghan,burack
callista,burblies
cally,burckhardt
calum,buret
calvin,burg
cam,burgess
cambria,burgoyne
cameron,burns
camila,burridge
camilla,busk
camille,bussey
camilo,butcher
campbell,butler
camper,butterfield
campos,butzer
can,byargeon
cancelled,byers
candace,byrne
candelaria,cababie
candiano,caballero
candice,caban
candie,cabanas
candince,caborde
candyce,cabral
canosa,cabrera
cantu,caddick
cappy,caffaratti
cara,cahoon
caren,cal
carey,calafell
carin,caldwell
carina,cale
carine,calega
cark,callahan
carl,callaway
carla,callum
carley,cama
carlie,camacho
carling,camara
carlitos,cambas
carlo,camerlengo
carlos,cameron
carlotta,camilla
carlson,campbell
carly,campion
carmen,campos
carmina,canadian
caro,cancelada
carol,cancelado
carol,candlish
carola,canfield
carole,cannady
caroliine,cannestra
carolina,cano
caroline,canseco
carolyn,canto
carolynn,cantú
caron,cappon
caroti,caravantes
carrie,caraza
carter,carberry
carwen,carbone
caryn,cardell
casa,cardenas
casandra,cardinal
casey,cardona
cash,cardone
casilda,carey
casper,carissa
cassandra,carli
cassidy,carlomagno
cassie,carlos
cassy,carlson
cat,carlyon
catalan,carme
catalina,carmen
catarina,carment
catherine,carnegie
cathi,caro
cathleen,carol
cathryn,caroline
cathy,caron
caviccinow,carpio
cayetana,carr
cecilia,carranza
cecilie,carrasco
cecily,carrera
cedric,carreras
cee,carrillo
celeste,carrion
celia,carroll
celian,carson
celine,carter
cemile,cartwright
cerbone,caruso
ceres,carver
cesar,carzoglio
cezar,casabianca
ch5,casals
chaaban,casanova
chad,casares
chadwick,casasola
chalars,cascio
chanda,case
chandra,cash
chanler,cashin
chano,casner
chantal,cassandra
chantale,cassar
chantelle,castanares
chapman,castanos
char,castañeda
charee,castañer
charlene,castellano
charles,castellanos
charlie,castillo
charlot,castner
charlotte,castro
chas,catania
chasity,cate
chasty,catherine
chatty,catona
chavez,cauchi
chef,cautela
chelsea,cavagnuolo
chelsey,cavallaro
chelsy,cavanaugh
chema,cave
cheng,cavegn
chenin,ceballos
cheree,centeno
cheria,cera
cherie,cerbone
cheryl,cervantes
cheslea,cervera
chesney,cesar
cheyenne,cespedes
chiara,cetina
chica,cevallos
chiho,cezar
chilina,ch18
chin,chacon
chinitas,chadderton
chinwe,chagnon
chloe,chaia
chocki,chalmers
chong,chamberlain
chou,chambers
chris,champagne
chrissy,chance
christa,chandhoke
christaine,chandler
christelle,chandor
christi,chang
christian,chani
christiane,channing
christiansen,chaparro
christie,chapman
christina,charbonnier
christine,charest
christinne,charge
christoph,charles
christophe,charlotte
christopher,charters
christy,chartouni
chrysti,chartrouni
chuck,chasteen
chuckl,chau
chyna,chavez
chynna,chavo
ciara,chechik
cid,checlers
cinthhia,chedikian
cinthia,chellen
cinthya,chelsea
cintia,chen
cintya,chepe
citlalli,cher
cittone,cheres
claid,cherit
clair,cherry
claire,chesney
clara,cheung
clare,chevalier
clase,chew
clases,chiacchierini
class,chianese
classe,chiappone
classes,chin
claude,chinta
claudia,chiosso
claudio,chitre
clauvin,chiñas
clay,choi
clayton,choresh
clea,choucri
clemens,chris
clemente,chrisman
clementine,christensen
cliff,christian
clotilde,christie
cloud,christine
clément,christoph
coaker,christopher
coby,christopherson
cocina,chrétien
cody,chuck
cole,chunya
coleen,ciardelli
colette,ciau
colin,cichy
colleen,ciconte
collin,ciminelli
colton,ciobarnu
columba,cioffi
comision,cioffrese
comisiones,cioncolini
con,ciotola
condosy,cipriano
conner,cirsa
connie,cito
conrado,ciuk
constantino,clabecq
constanza,claesson
construccion,claire
consuelo,clancy
consumo,clare
contador,clark
conte,clarke
contenti,clary
conti,class
conville,claudia
conway,claugus
cooley,claus
cooper,claypool
coppin,clement
cora,clifford
coral,clifton
corbett,clise
cordelia,clough
cordula,clunie
core,clymo
corey,coakley
cori,cobabe
corina,cobian
corine,cobos
corinna,cobrarle
corinne,cochrane
corky,coco
cormery,codi
cornell,coehn
corrado,coffman
corry,cofinas
cortesia,cohen
corwin,colabella
cory,colabianchi
costa,colby
costanza,cole
courtney,colella
craig,coleman
creer,colentinha
cris,colin
crisanta,collado
cristhian,collection
cristian,colleen
cristiana,colligan
cristina,collins
cristobal,collinsworth
cristol,colpaert
cristy,colvin
cristyn,colwell
crossman,combs
crowe,compagni
crowley,con
cruz,conde
crystal,connelly
csaba,connely
cuauhtemoc,conner
cuentiador,connolly
cullen,conroy
cundy,contador
curgenven,contreras
curt,conway
curtis,cook
cyndi,cooke
cynthia,cookler
cyril,cooley
cécile,coomber
dadsfs,cooper
dafni,coopersmith
dagnall,copersino
dagoberto,corbin
dahlia,corcoran
daisy,cordova
dale,cordovia
dalet,cordt
dali,corey
dalia,corolla
daliah,corona
dallard,coronado
dalton,corradino
damaris,corrado
damian,corrales
damien,corson
damini,cortes
damon,cortina
dan,cortinas
dana,cosette
dane,cota
daneile,cotley
daneise,cotter
danel,couch
danell,coucheron
dang,coughlin
dani,cowan
dania,cowden
daniel,cowdrey
daniela,cox
danielazamorano,coyote
daniella,cozik
danielle,cozine
daniels,crager
danna,craig
danni,crane
danny,crawford
dante,creighton
danyel,crenshaw
daphna,crighton
daphne,cristina
dar,critchley
dara,crosby
darci,crowther
daria,crumley
dario,cruz
darius,cruzcosa
dariush,cuatro
darla,cuenta
darlene,cuentiador
darlenes,cuevas
darrell,cullinae
darren,cung
dasi,cunningham
daskey,curbilié
dastgiri,curri
daughter,curtis
dave,cury
david,cutlet
davida,cutwright
davidson,cyprian
dawn,cyrus
dawna,d'arce
dayari,dadowski
dayla,dagelman
dayna,dai
daynia,daignault
dean,dajani
deane,dakhil
deb,dalecky
debbi,dalton
debbie,damas
debora,damico
deborah,damien
debra,dana
deciga,daniel
dee,daniela
deena,danielle
deepa,daniero
deepak,danna
deepti,dannelle
deetta,danziger
deidre,darcas
deirdre,daria
dejan,darlene
del,darlene's
delair,darsey
delaney,das
deleon,dascal
delete,dasher
delfina,dasilva
delfino,dass
delia,dattilo
delna,dattolo
delphine,daufeldt
delroi,daugther
dema,daum
demet,david
demetri,davidian
dena,davidson
denee,davies
denis,davila
denise,davis
denisse,davlin
deniz,dawso
dennie,dawson
dennis,day
dennise,dayala
dereck,deakin
derek,deamoer
dermot,deangelis
derrick,deare
desayuno,dearen
desire,debeer
desiree,debenardi
desta,decamp
destiny,decca
devani,dedonato
devara,defelice
devin,defever
devon,deighton
devyn,del
dexelle,delduca
dey,delgado
dezza,delhaye
dhana,delia
dhapne,delion
dhia,dell
dia,della
diamantara,dellar
diana,dellinger
diane,deloustal
dianna,demmel
dianne,denglee
diaz,denious
dide,denis
didem,denise
didi,dennis
didier,deoliveira
diederik,deppe
diego,deppen
diel,derdzinski
dierkes,dermer
dietz,desgagne
digital,deshayes
dilan,desmelik
dilia,detris
dilini,detwiler
dill,devine
dilshad,devletsah
dimateo,devon
dimitri,dezur
dina,dhatri
dinah,diamant
dini,diamond
diogo,diana
diona,diaz
dionne,dibono
dirk,dick
djihane,dickey
djulbic,dickson
dmitri,diener
dodi,dies
dogan,dieter
dolev,diez
domenic,dimaria
domenico,dimas
dominic,dimitrov
dominic.,dina
dominick,dineen
dominik,diner
dominique,dinn
domitilia,dints
don,dion
donald,dionicio
donia,diozuz
donna,dipalma
donnachie,dipalo
donny,diplas
donohue,diquattro
donough,dishell
dora,dismore
doran,ditomasso
doreen,dixon
dorine,dlatt
doris,dldlddl
dorita,dobnikar
dorota,dobol
dorothea,dobson
dorothy,doherty
douglas,dohrmann
downing,dolfi
dr.,domingue
dray,dominguez
dreamcatcher,domis
dreghorn,donald
drew,donarini
drez,donde
dryden,donghua
ducros,donicht
duncan,donna
dunster,donne
duplicate,donner
dyana,donovan
dylan,doolee
dyna,doran
dzielak,dorantes
eaton,dorward
eben,dos
edan,dosso
eddier,doucet
eddy,dougan
eden,douglas
eder,dove
edgar,dovi
edgardo,downer
edie,doyle
edith,drabik
edmundo,drago
edna,drake
edouard,draxl
eduardo,dreyfous
eduaro,driller
edward,dromgool
edwards,drower
edwin,druker
effie,dryja
efi,dubaele
efrain,dubrino
egar,duchesneau
ege,duchin
eileen,ducong
ekebil,dudek
elaine,dueren
elana,duff
elba,duffield
elda,duffy
eleanor,dugald
elena,duggan
elhassan,duhayot
eli,duhs
elia,dum
eliana,duncan
eliane,dunn
elias,dunne
elie,duplicate
elif,duprat
eligio,duran
elisa,durand
elisabeth,durham
elisabetta,d’andrea
eliscia,eakins
elise,ealding
eliveg,earl
eliza,eason
elizabeth,easton
elize,eaton
ellen,echeveriia
ellery,eckler
ellian,eddy
ellie,edelsten
elliot,eden
elliott,edgell
elly,edlin
elmedina,edment
eloisa,edmonds
elona,edmondson
els,edmund
elsa,eduardo
elsie,edut
elva,edwards
elvan,egan
elvia,eguiarte
elvira,ehmann
elysa,ehrlinger
elyse,ehrmann
elyssa,eichel
emanuel,eichensaer
emanuele,eidelstein
emanuelle,eiseman
emelia,eisenberg
emely,ekholm
emerald,ekman
emery,elaco
emet,elaine
emigio,elder
emilia,elena
emiliano,elfassi
emilie,elford
emilio,elgrably
emily,elharrar
emir,elias
emma,elisabeth
emmanuel,elizabeth
emmanuelle,elizalde
emmanuellovesme,elkamouny
empleado,elkousy
employee,elleby
enfermera,ellen
enfermero,ellie
enrightobrien,elliott
enrika,ellis
enrique,ellison
entrenadores,elma
ephraim,emde
eran,emerson
erez,emilo
erhard,emily
eric,emma
erica,emmanuel
erich,empleada
erick,employee
erik,enbody
erika,encargada
erin,eng
erinn,engel
erlend,engholm
ermicely,engle
ernest,english
ernesto,entrenador
erol,epperson
eron,epps
errol,epstein
erskine,erhard
ersoy,erickson
erwin,erika
erynn,ernesto
esau,ertweiler
esin,escajadilla
eskil,escalante
esmeralda,escalera
espie,escamilla
esra,escobar
estacionamiento,escudero
esteban,esmail
estefania,espadas
estefany,espinel
estela,espinosa
estelle,espinossa
ester,esquivel
estermann,estacio
esther,estanislao
estin,esteban
estrada,esther
estrella,estivalet
estss,estrada
estuardo,estrella
eszter,estuardo
ethan,eszlinger
etzel,ethan
eugene,ethans
eugenia,etkin
eugenio,etten
eujenio,etzweiler
eunhee,evangelisti
eunice,evans
eva,eve
evadne,evelyn
evangelina,evens
evangeline,everett
evangelo,ewald
evaristo,ewertsen
eve,exline
evelyn,extra
evelyne,extras
even,eyser
everett,ezratty
ewa,faas
ewan,fabian
exline,fabrizio
extra,fadol
eyal,fagen
ezequiel,fahy
ezgi,fairbank
ezra,fairchild
fabia,faircloth
fabian,faitell
fabianne,falagario
fabio,falco
fabiola,falcone
fabris,falkenburg
fabrizio,fallas
facundo,fandos
fahamu,farahay
fairchild,farfan
falon,farler
familia,farmer
family,farwell
fan,faulkner
fani,fauvain
fany,favale
farah,favalero
farahnaz,fdfsdfd
farid,featherstone
faris,fedak
farrokh,fedrizzi
fatima,feese
faulkner,fein
fausto,feinberg
fauto,feldenkris
favaloro,felder
favio,felipe
faviola,feng
fay,fernandes
faysal,fernandez
fdferg,fernando
febe,ferner
federica,ferragamo
federico,ferragni
felice,ferrand
felicia,ferrar
felicity,ferraz
feliks,ferreira
felipe,fiat
felix,fierro
fell,figa
fellahi,fikus
ferdinando,filer
fergus,finer
fermin,finiochetti
fern,fink
fernanda,finkel
fernando,finn
ferreyra,finzi
fidel,fiorino
filipo,first
filippo,fisco
fillipo,fisher
filomeno,fitschen
findlay,fitzgerald
finkler,fitzgibbon
fiona,fitzgibbons
first,fitzmaurice
fischer,fitzpatrick
fisher,flaghtery
flavia,flaherty
fletcher,fleishman
fleur,fletcher
flintoft,flickenger
floence,flikstein
flor,florent
flora,flores
florence,florez
florencia,floyd
flores,flugal
florian,fogarty
florinda,foglia
florine,folberg
forfoni,foley
forrest,folger
foster,foltmer
fotoshooting,font
fran,food
france,for
frances,ford
francesc,foreman
francesca,forness
francesco,forrester
franchesca,forsythe
francine,fortini
francis,fortun
francisca,fortuna
francisco,foss
franciska,foster
franciso,fouladgar
franco,fowler
francois,fox
frangi,franco
frank,frank
frankel,frankiewicz
frankie,frankum
franklin,franzén
frankum,frauen
frannie,frazer
fransisco,frazier
fransua,frederick
franz,frederik
franziska,fredrick
fraser,fredriksen
fred,freeberg
freddy,frese
frederic,frewin
frederique,freyn
fredricson,friadnar
french,frianela
freya,friedland
fricker,friedman
frida,friedner
fried?,friend
friedchen,friends
friederike,friens
from,fries
frosh,frischkorn
fuentes,from
fusun,froment
gabby,froome
gabi,frost
gabo,fudge
gabriel,fuller
gabriela,fulton
gabriella,funnes
gabrielle,fyodor
gabrille,gabilondo
gaby,gabour
gael,gaedke
gail,gaffney
gal,gaidacheva
gale,gaiera
gali,gaind
garbiella,gaither
gareth,gala
garret,galardi
garrett,galaz
garrick,galindo
gary,gallagher
gaspar,gallardo
gaston,gallegos
gauthieo,gallery
gavin,gallo
gaye,galloway
gayle,galsky
geckos,galvez
gelfand,galvin
gemma,gama
gemma/jason,gambaccini
genaoveva,gamble
genaro,gamboa
general,gamero
genesis,gameron
genevieve,gana
genoveva,gangopadhyay
geoff,garb
geoffrey,garcia
georg,gardiner
george,gardner
georgia,garduños
georgina,garibay
geory,garibo
ger,garica
gerald,garn
geraldine,garrett
geralyn,garrido
gerarardo,garrigos
gerardo,garrison
gerbert,garry
geri,garza
germaine,garze
german,garzon
gerogina,gascoigne
geronimo,gassiraro
gerry,gastaldi
gert,gastelum
gery,gaucher
gesine,gaudin
geyer,gauthier
ghita,gavin
gia,gavira
giacomo,gaviria
gian,gaxiola
gianluca,gayer
gigi,gazzaz
gil,geckos
gilberth,geier
gilberto,geissler
gilda,geller
gill,generador
gimena,genetelli
gina,genis
ginette,genovesr
ginger,gentile
gingi,george
ginna,georges
ginny,gerardo
giorgio,gerassimo
giovana,geren
giovanni,germann
girish,geronimo
gisela,gershman
gisele,gershoni
giselie,gestin
gisella,gestuvo
giselle,geudelekian
gissela,ghandour
gitano,ghebreyesus
giulia,ghent
giuliano,gherlone
giuseppe,ghlaissia
gizelle,giamo
gladis,giangrasso
gladys,gibb
gleice,gibbons
glenn,gibbs
gloria,gibson
glynn,giddings
goergina,giessen
golan,giggan
golden,gil
gondard,gilbert
gonzalo,gill
gopal,gillman
gordon,gimena
gormsen,gina
gorolay,gioia
gottsmann,gionta
grace,giordanengo
graciela,giragosian
graeme,girard
graham,girffiths
graillot,girlfriend
granados,gitano
grant,gitano's
grave,gitterman
grazia,giugno
greatz,giuseppucci
grecia,givner
green,glanell
greening,glanville
greenwood,glazer
greg,glemarec
gregg,glenn
gregorio,glover
gregory,gluck
greissy,gobbee
greta,godat
gretchen,godefroy
gretta,godoy
griffin,goebel
griselda,goebl
grupo,goel
grégoire,goergen
guadalupe,goihman
guest,going
guillaume,goit
guillem,golby
guillermo,gold
gunnar,goldberg
guntra,golden
gustavo,goldfarb
guy,goldman
guyenguyen,goldstein
gwen,goldstone
gwendolyn,golino
gwynne,golitz
gyiora,gomez
gyöngyi,gonnella
günther,gonzales
haas,gonzalez
habid,gonzallez
habitacion,gonzalo
hadar,good
hagy,gooden
hahn,goodhart
hain,goodis
hair,goodloe
hajjar,goodman
hakan,goodridge
hal,goodsell
haleh,goodwin
haley,goodyear
halkan,gordon
halla,gorduño
halle,gore
halleh,goskov
hamburgesas,gosling
hamed,gossow
hamilton,gottfried
hammond,gottlieb
hana,gottreich
hanna,gotwals
hannah,goulet
hans,goutal
harcemo,goya
hardie,gozla
hargreaves,gpp
harold,grace
harriet,gracey
harriett,gracia
harriman,gracida
harris,grady
harrison,graham
harry,granato
harsha,graniel
harshit,grant
hayden,grapes
hayes,gratton
hayleigh,gray
hayley,grazia
hazal,grecu
heather,greenberg
heberto,greenberger
heco,greene
hector,greenfield
hedda,gregori
hediger,gregorich
hedvig,grenfell
hedwig,gretta
heidi,grey
heidy,grieco
heike,griffen
heitor,griffin
helen,griffith
helena,grifit
helene,griglio
helge,grigoriou
helis,grills
helminger,grinius
helmut,grodin
hend,groenevald
henny,groeskamp
henrietta,groshek
henriette,gross
henrik,group
henry,grubb
herb,gruffi
herlinda,grumhaus
herman,gruson
hermelinda,guadalupe
hernan,guajardo
hernandez,guay
hernesto,guerin
heydi,guerra
higinio,guerrero
hijos,guest
hila,guffey
hilario,guia
hilary,guide
hilda,guie
hildie,guiliani
hildita,gulisano
hilja,gunn
hillary,gupta
hipolito,guralnick
hocking,gurievsky
hoj,gurrola
hollie,gustafson
holly,gutierrez
hollys,guzman
holm,guérette
holmar,göppinger
holt,haaning
homero,haas
honor,haass
hope,hab
horacio,hackworth
horaria,hadland
hotel,hadson
hotels,haessler
houston,hagendorf
howard,hahn
howson,haid
huesped,haider
huespedes,haimo
hugette,haines
hugh,hajjar
hugo,halax
hugues,halcyon
humberto,halenda
humbeto,halford
hunt,hall
husband,halpern
hyatt,halpin
hyim,hamilton
hyun,hamingway
hyungung,hammer
ian,hammerich
iana,hammond
ibrahim,hampton
ida,hanel
idalia,hannah
idan,hanners
idit,hansen
idle,hanson
idrees,harari
ignacia,harding
ignacio,hardy
ihar,harendorf
iker,haritoff
iklaas,harmon
ilana,harold
ilaria,harrington
ileana,harris
ilenia,harrison
ilhan,harry
ill,hart
ilsa,hartwig
ilze,harvey
imiliano,harwick
imke,hashemi
imri,hass
inde,hasselkjaer
indiah,hassid
indigo,hatcher
indy,hatzenbiler
ineda,hau
info,hauer
inger,hausafus
ingrid,hause
ingvild,hauser
inkester,hawes
inma,hawila
inna,hawkins
instructora,hawks
intrepid,hayden
ioannis,hayes
ira,hayford
iram,hayhurst
irby,hayward
irene,hazel
ireneusz,hazlehurst
irfan,healy
irina,heap
iris,hearn
irit,heather
irlanda,hector
irma,hedeya
iromi,hedquist
irving,heemskerk
irwin,hegeler
iryna,heggle
isaac,heidenberg
isabel,heimann
isabella,heinmets
isabelle,heinzman
isac,heipel
isadora,heiser
isauro,helen
ishtar,helfand
ishveena,helle's
isidoro,heller
ismael,helmore
isolda,henderson
israel,henkin
isreal,henley
itamar,hennessey
itzel,hennessy
iva,henrique
ivan,henriquez
ivana,henson
ivin,herbert
ivo,herberth
ivon,herceg
ivona,herd
ivonn,heredia
ivonne,herman
ivor,hermano
ivy,hermansson
iwa,hermogeno
iwona,hernan
iya,hernández
izabela,herrera
izzy,herrerra
jaaziel,herrick
jabarie,herrington
jaci,herrmann
jacinta,hershfield
jack,herzberg
jackeline,herzfeld
jackie,hessdorf
jacko,hetz
jackson,heus
jaclyn,heydt
jacob,hickey
jacque,hickman
jacqueline,hickson
jacquelyn,hiebler
jacques,higgins
jacqui,hilario
jacquie,hiley
jacylyn,hill
jade,hillebrand
jadene,hills
jadyn,hilyer
jae,himes
jaesoon,himley
jahmeek,himmel
jaime,hindley
jaimee,hindsley
jaimi,hinman
jair,hiram
jairo,hirsch
jake,hirshfield
jakob,hively
jaldip,hobart
jamaira,hobbs
james,hockley
jami,hoder
jamie,hodnett
jamil,hoekstra
jamison,hoffman
jamund,hold
jan,holdt
jana,holland
janaina,holleron
janara,holliman
janaye,hollingsworth
jane,hollman
janel,holme
janell,holtz
janelle,holwe
janet,hooks
janeth,hoole
janette,horgan
janice,hori
janick,horn
janie,horne
janiece,horning
janika,horstmann
janine,hotchkiss
janis,hotel
jannan,hotesl
jannie,houston
jannik,hovananian
japhet,hovarth
jaqueline,hovda
jaques,howard
jared,howell
jarrod,hoyos
jasbir,hrycyk
jasmin,hsu
jasmine,hudak
jason,hudepold
jasroop,hudgins
jasson,hueber
jastinder,hugh
javen,hughes
javid,hughston
javier,hugonot
jay,hui
jaya,huish
jaye,hulit
jayesh,huneycutt
jaynee,hunt
jayran,hunter
jazmin,huntsman
jean,huot
jeanann,huppmann
jeanette,hur
jeanie,hurbace
jeanine,hurbase
jeanna,hurley
jeanne,hurlock
jeannie,hurtado
jeannine,hurty
jeesun,hurwitz
jeff,husar
jefferson,husband
jeffrey,hussein
jefrey,hwang
jehan,hydock
jehu,hyland
jen,hyun
jena,häusler
jenifer,ian
jeniffer,iasiello
jenine,ibarra
jenn,ibarrondo
jenna,icaza
jenni,icenhower
jennie,ifat
jennifer,igartua
jennigje,iglesias
jennnifer,ignacio
jenny,ignatius
jenora,ilda
jenoveva,ilya
jens,imwalle
jeremey,indigo
jeremiah,infante
jeremy,ingoglia
jeri,ingram
jerildy,innaccone
jeroen,inzani
jerome,ioannis
jeroo,ionescu
jerry,iqbal
jeso,irani
jesper,ireland
jess,irene
jessa,isaacs
jesse,isaballe
jessey,isabel
jessi,isabelle
jessica,isacson
jessie,iskandar
jessix,islas
jessy,ismael
jesus,isobel
jette,israel
jeyapal,issacs
jhn,italiano
jhon,italo
jhonatan,iutici
jhony,ivanna
jil,ivas
jill,iversen
jillaine,iwai
jillian,iyer
jim,izzy
jimena,jack
jimm,jackintell
jimmy,jackson
jinous,jackute
jisoo,jacob
joan,jacobs
joana,jacobson
joanna,jaconsen
joanne,jacqueline
joaquin,jaffe
jocelyn,jagode
jochelson,jagust
jodi,jaime
jodie,jaka
jody,jamali
joe,james
joel,jamieson
joelle,jamner
joern,jan
joey,jana
johan,jander
johana,jane
johanna,janet
johannes,janzen
john,jaramillo
johnathan,jared
johnna,jason
johnny,jasper
johny,javier
joi,jayaram
joice,jazo
joleen,jean
jolene,jefaza
jolinda,jefesita
jolivet,jeffs
jon,jellins
jonas,jen
jonathan,jenkins
jones,jennie
jonhatan,jennifer
joni,jenny
jonie,jens
jonny,jensen
jonthan,jeremy
jordan,jesica
jordana,jessberger
jordi,jesse
jorge,jessica
jorrit,jessie
jose,jessup
josefina,jevtic
josefine,jeyapal
joseph,jillian
josh,jimenez
joshep,joana
joshua,joanna
josiah,joanou
josiane,jobbitt
josie,jocelyn
josua,jocuns
josue,johannes
journalist,johannsen
joy,johansson
joyanne,john
joyce,johnsen
joão,johnson
jsssica,johnston
juan,jolliffe
juanita,jones
jud,joo
judd,jordan
judie,jorgensen
judit,jose
judith,joseph
judtth,josey
judy,joslin
juella,joy
juha,joyce
jule,jozic
jules,juan
juli,juarez
julia,jubinski
julian,judy
juliana,juge
julianne,julee
julie,julian
julien,juliana
juliet,julie
julieta,jully
juliette,june
julio,justin
julissa,juston
julz,jylkka
june,jyung
junonia,kaalberg
juraj,kachmarchyk
jurg,kaelyn
jurgen,kaesmann
justin,kaicher
justine,kaiden
jørgen,kaiser
kacee,kalach
kaci,kalincheno
kacie,kallick
kael,kambach
kaeley,kameron
kaelin,kaminer
kai,kaminski
kaiden,kandohla
kaila,kanowitz
kailey,kanowsky
kaisa,kantrowitz
kait,kanu
kaitlin,kaplan
kaitlyn,kaplowitz
kaity,kardinal
kaley,karen
kali,karina
kallie,karla
kalonsan,karp
kalpakoglou,karr
kane,kartman
kanessa,kasey
kanika,kash
kara,kassamani
kareema,kastner
karen,kasumov
karey,katafias
kari,katalay
kariela,kate
karima,katherine
karin,kathryn
karina,katrina
karine,katsma
karl,katz
karla,kaufman
karma,kaushal
karmen,kavanaugh
karmina,kay
karolina,kaye
karolyn,kaz
karym,kazam
karyn,keanded
kasey,kebede
kasha,keefer
kashmir,keegan
kasia,keeley
kasper,keene
kat,kehnscherper
katalin,keiser
katarina,kelleher
kataryna,kelley
kate,kelly
katelyn,kelsey
kateryna,kemp
kathalina,kempf
katharine,kenck
katherina,kendall
katherine,kenney
kathi,kennyk
kathia,kent
kathie,keough
kathleen,kern
kathlenn,kerr
kathrin,kersten
kathrine,kest
kathryn,ketchum
kathy,keutenedjian
kathya,khalaj
katia,khalfina
katie,khalsa
katja,khambatta
katrin,khan
katrina,khanna
katrine,khasawneh
katy,kidd
katya,kierulf
kaufmann,kildrow
kavita,kim
kavuzlu,kinaci
kay,kinasz
kayla,kind
kaynak,kindon
kayvan,king
keandra,kinglake
keating,kinkead
keira,kinnamon
keisha,kinney
keith,kinsey
kelen,kipling
kellen,kircalioglu
keller,kirk
kelley,kirschner
kelli,kirszenbaum
kellie,kirt
kelly,kiser
kelly2,kitchen
kellyann,klages
kelsey,klaric
kemp,klein
ken,kleinerman
kendal,kline
kendall,klish
kendra,klopp
kennedy,kluesner
kennet,klum
kenneth,knauf
kennethdencer,kneschaurek
kenosha,knetter
kent,knipe
keren,koc
keri,koch
kerisha,kocur
kerlim,koehler
kerri,kolb
kerry,koleman
kerry/christina/gina,kollar
kerstens,koloski
kesa,komorowska
keshia,koning
kest,kopel
kevin,kopf
key,koral
khalil,koreeva
khambatta,korrow
khan,korth
kia,kortman
kiana,kougl
kicki,kovan
kiel,kowkobany
kiera,kozlowski
kierin,kozlowsky
kiernan,kraines
kika,kramberg
kiki,kramer
kikikikikikikikiki,kramm
kim,krammerer
kimberle,krantzberg
kimberlee,kravchenko
kimberlie,kravis
kimberly,krawczyk
kimia,kreitman
kimmarie,krestow
kimmi,krief
kimmie,krim
kinaci,krishnamurthy
king,kristen
kinga,kristiansen
kingsley,kristin
kira,kristine
kirani,kroeger
kirby,krooke
kirishna,krotowski
kirk,kruidbos
kirstein,krulewitz
kirsten,krumholz
kirsty,kröger
kisnorbo,kubt
kit,kuehn
kitchen,kuensell
kitzberger,kuhn
kiusesu,kumar
klaas,kunal
klaus,kundler
klencheski,kunin
klára,kuntze
knollmann,kupcik
knox,kuris
kobey,kushma
koblinger,kustresa
koen,kusumgar
koenig,kwan
koken,kwiatek
koli,kyeron
kon,kyle
kora,laansoo
kori,labelle
kortney,labier
kory,lachance
kotler,lachlan
krag,lack
krauskopf,lacy
krawczyk,laehy
kripa,laforce
kris,lage
krishna,lagreula
krishnaja,laila
krista,laing
kristal,laird
kristan,lake
kristen,lalanne
kristi,lam
kristian,lama
kristie,lamas
kristin,lamb
kristina,lambarri
kristine,lancaster
kristopher,landa
kristy,landis
kristyn,landry
krizia,landy
kruger,lange
krystal,langer
krysten,langley
ksenya,langowski
kuehn,lanier
kuehne,lansburgh
kunal,lansdown
kurt,lapin
kwan,lapizco
kyla,laporte
kyle,lara
kylie,laredo
kysa,larigakis
labedz,lasting
lacey,latta
lachlan,laufer
ladie,laura
laetitia,lauren
laima,lauria
lais,lavalle
lakota,lavallée
lana,law
lanae,lawler
lance,lawrecence
lane,lawrence
lang,lawson
lara,lawyer
larae,laxhar
larissa,layden
laroi,lazaro
larry,lazaros
lashana,leader
lasherelle,leal
late,lean
latonya,leanne
latricia,leatham
lauber,leder
lauire,ledesma
laura,ledoux
laura/bryan,leduc
laure,lee
laureen,leff
laurel,lefrock
lauren,legorburu
laurence,lehman
laurencio,leibler
laurent,leigh
lauri,leith
laurie,lekach
laurissa,lemeshko
lauryn,lemm
lavey,leon
law,leonard
lawson,lerner
layla,lesaffre
layne,lesem
lays,leticia
layton,leung
lco,leuschen
lea,leveque
leader,levin
leah,levine
leandra,leviton
leandro,levy
leann,lew
leanne,lewin
lechus,lewis
leckie,lewison
lee,lewiston
leeann,lheureux
leeor,lian
leif,liberman
leigh,lichtenstein
leigha,liebendoerfer
leila,liebl
leilani,liedtke
leini,lillian
leisan,lima
lemise,limon
lena,limonchi
lenavitt,lin
lene,linage
lenel,lincoln
lennartz,linda
leno,lindemann
leo,lindner
leobardo,lindsay
leon,line
leonard,liney
leonardo,link
leonel,linkoln
leonie,links
leonoor,linnell
leonor,lipcon
lerch,lipkin
lesley,lipscomb
lesli,lipson
leslie,lisa
leticia,litterer
letizia,liu
lettie,liutjen
lev,livia
lever,llabres
leverett,llano
levesque,lliakis
levi,lloyd
levoyer,llse
lewis,loba
leyla,lobello
leyli,local
lia,locker
lian,lockwood
liana,lodato
lianne,logbo
libbey,loghmanian
libby,logiurato
libi,logue
liborio,lohrer
lic.,lola
lic.patricia,london
licia,long
lietti,longo
ligia,longwave
liisa,looker
liju,loop
lila,lopez
lili,lopresti
lilia,lorberbaum
lilian,lord
liliana,lorden
lilibeth,lorena
liling,lorton
lilith,losardo
liliya,lottenburger
lille,lotus
lillian,louis
lilly,louisa
lily,louise
lina,lovell
lincoln,lovering
linda,lovretovich
lindsay,lowe
lindsey,lozano
lindy,lubrenecki
linny,lucas
linus,lucentini
lionel,lucille
lisa,lucy
lise,ludlow
liseth,ludy
lisette,lugo
lissie,lui
liv,luise
livia,luk
liviana,luke
livingston,lukich
liz,lumb
liza,luna
lizabeth,lund
lizbeth,lunsford
lizet,lustgarten
lizette,lutin
lizzie,lutz
lizzimore,lux
lizzy,luxton
lluis,lyall
lluvia,lykken
lock,lynch
logan,lyndsay
loida,lyons
lois,lytle
loiselin,macenzie
lola,macer
lombardet,macey
lomelin,machado
lona,machialena
longman,machiavelo
loni,machorro
lora,macia
lord,macias
lorea,maciborski
loree,maciejewski
loreen,macinnis
lorelai,mack
loren,mackay
lorena,mackenzie
lorene,mackinnon
lorenza,macknxziie
lorenzo,maclean
loretta,macneille
lori,macon
lorie,madaleno
lorna,madden
lorraine,madera
lorri,madigan
lorrie,madrini
los,maecha
lotte,maestro
lotus,mafer
lou,magana
louis,mahaney
louisa,mahina
louise,mahley
lourdes,mahoney
lourice,mahuad
luba,mailhot
luc,maitland
luca,mako
lucas,makris
lucia,maksoud
lucian,maldonado
luciana,malesenka
luciano,malik
lucienne,mallari
lucila,maloof
lucina,malouf
lucinda,malvarosa
lucio,malvido
lucky,maman
lucrecia,mamula
lucy,mandel
lucya,mandzuka
lucyna,mangalji
luibov,mangroves
luigi,mangum
luis,mani
luisa,manicure
luiza,mann
luka,manning
lukas,mannix
luke,manny
lula,manrique
lunise,manson
lupita,mansour
lurdes,manspeizer
lusanda,mantice
luz,mapes
luzelva,maqsudi
lya,maranda
lychota,marcela
lydia,march
lyla,marchant
lynda,marchesi
lyndsay,marchetti
lyndsey,marchetto
lynn,marcia
lynne,marcius
løfald,marcko
m'lissa,marco
ma.,marcus
maancy,marczuk
mac,maren
macarena,marey
mackene,margaret
mackenzie,margolin
mackey,margot
mad,margron
madden,maria
maddox,mariano
madeleine,marie
madelene,marika
madeline,marila
madina,marileni
madison,marimar
mads,marin
maegan,marinho
maestro,marino
maeve,marinos
mafer,marinozzi
mafu,mario
magali,marion
magaly,mark
magda,markie
magdalena,marks
maggie,marli
magical,maroevich
maha,marotta
mahamoud,marquez
mahan,marquina
mahnaz,marrocchino
maia,marrone
maika,marshall
maiko,marshfield
maikol,marta
maile,martell
mairi,martha
maitri,martin
majbritt,martina
majer,martinez
makuin,martinkevich
mala,marty
malcolm,marukea
malcom,marvin
maleki,marzuki
malene,masaje
malik,masiero
malin,maslen
malka,masna
mallorie,maspes
malone,massage
mama,massalas
manal,massicot
mandeep,massingill
mandy,master
manfred,masterson
manicure,mata
manish,mather
manlio,mathilda
mannix,matluck
manolo,mattax
manon,matthew
manpreet,matthews
manrique,matton
mantas,matute
mantenimiento,mauran
manuel,maureen
manuela,mauricio
mara,mavris
marc,mawer
marcel,max
marcela,mayer
marcella,maynard
marcelo,mayor
marci,mayotte
marcia,mazariegos
marciano,mazmanyan
marcie,mazurek
marcin,mazza
marco,mazzara
marcos,mbakam
marcucci,mcauley
marcus,mcauliffe
mardian,mccabe
maree,mccafferty
mareen,mccambly
margaret,mccane
margareta,mccann
margarida,mccarell
margarita,mccarthy
margee,mccavitt
margie,mcclellan
margit,mccourt
margo,mccoy
margot,mccreight
marguerite,mccue
margy,mccullough
mari,mcdermott
maria,mcdole
mariah,mcelroy
mariam,mcgiffin
marian,mcgilvray
mariana,mcgrady
marianna,mcgraw
marianne,mcgregor
mariano,mcintyre
mariapuerto,mckenna
marice,mckinley
maricella,mckinnon
marie,mckitterick
marielle,mclaughlin
marien,mclean
mariepier,mclellan
marietta,mclurg
marilia,mcmaster
marilou,mcmurdie
marilyn,mcneely
marin,mcniff
marina,mcsweeney
marine,mctamany
marinela,mcvey
mario,me2
marion,mechado
marique,mecia
maris,medel
marisa,medina
marisela,meenan
marisol,megan
marissa,meginness
marith,mehmet
marius,mejia
mariya,mejilla
marji,melchior
marjolaine,melia
marjorie,melinger
mark,melissa
marko,melissa's
markus,melissas
marla,melissa´s
marlen,mello
marlene,melman
marlin,melnyk
marlon,melton
marly,mena
marnie,menaglio
marnix,menasche
marquita,mendez
marsella,mendlewicz
marsha,mendoza
marshall,mendy
marta,menke
martha,ment
marti,menzel
martin,mercado
martina,mercanti
martinat,merced
martine,merck
martinez,merlot
marty,merydith
maruk,meré
marvic,mesirow
mary,messina
maryam,messmer
maryana,metcalf
maryanna,metron
maryanne,metsinger
marybel,mettel
marybeth,mettner
maryblair,meyerer
marycarmen,meyers
marytere,meyerson
marytsa,meymarian
maryu,meza
maschione,mgrdechian
masha,michael
maskym,michel
massage,michelle
massiliano,michels
massy,middleton
master,mielcarek
matallana,mientka
mateo,miguel
mateos,mihailov
mather,mila
mathew,milan
mathias,milea
mathieu,miles
mathilde,milgram
mathy,millard
matias,miller
matt,millner
matteo,mills
matthew,milosavljevic
matthews,milss
matti,miner
matute,minio
maura,minionis
maureen,minnick
mauricio,minzer
maurine,miranda
maurits,misener
maurizio,misios
mauro,mitchell
maverick,mitra
max,mitrani
maxim,mitten
maxime,mizarahi
maximilian,mkay
maximiliano,mochi
maximo,model
may,modelo
maya,modford
mayalla,moen
mayan,moens
mayka,moerman
maylen,moffit
mayra,moga
mazariegos,mogalian
mazur,mogged
mcdonnell,mohammad
mckasson,mondanaro
mckay,mondragon
mckayla,monford
mckenna,monfrecola
mckenzie,mongis
mckinley,monica
mckinsey,monn
mcmahon,monroy
mcmullan,monserrat
me2,monsma
meagan,montalvo
meaghan,montary
mechet,montaño
meddings,montelongo
medeya,montenegro
meenakshi,montgomery
meg,montinos
megan,montoya
megas\n,montyn
meghan,moodley
megpg,moooo
megs,moore
mehdi,mora
meir,moraitis
meissa,more
melanie,moreault
melchor,morehouse
melesa,moreno
melicia,morgan
melinda,morgenthau
melisa,mori
meliss,morin
melissa,morkos
melissaa,morris
meliza,morrison
mellissa,morrissey
melody,morse
melony,mortensen
melotti,moscatelli
melvin,moshayedi
meme,moss
menachem,motzkus
mendez,mougenot
merav,mowlds
mercedes,moya
mercurio,moyeda
meredith,mr.
merldith,mucci
mert,muir
meryl,muise
mette,mulcahy
meyer,mulder
mia,mulet
miau,mulhern
miaulu,mullen
micaela,mullenbomango
micahel,muller
micha,mullin
micha?,mun
michael,munoz
michaela,murillo
michaella,muro
michal,murphy
micheal,murray
michel,muse
michele,must
michelle,mutio
mick,muzumdar
migue,muñiz
miguel,myer
miguelina,myers
mihail,myklatun
miii,mylan
mika,möller
mikael,naccarato
mikaela,nad
mikayla,nadine
mike,naegele
mikel,nagy
mikey,nahomi
milagros,nahon
milan,nail
milana,naime
miles,najib
milko,namdar
miller,nando
mills,naos
milos,naranjo
milous,narvaez
milton,narytnyk
mimi,nasyrov
mina,natalia
minako,natanael
minda,natlie
mindy,naum
mirel,navarrete
mirella,navellou
mirial,naylor
miriam,nazmiye
mirian,neel
mirjam,neerland
mirna,negrete
mirta,neil
miryam,neill
misael,nelson
mischa,nersessian
miss,neufeld
missy,neuman
misty,neuron
mitali,new
mladin,newborne
mle,newhouse
mockus,newman
model,newton
modelo,nguyen
mohamcel,nian
moira,nicholls
moises,nichols
molly,nicholson
mona,nick
moncho,nicole
monia,nicoleta
monica,nidia
monika,nidorf
monique,niebla
monisha,niedfeldt
monse,nielsen
monserat,nielson
monserrat,nienkämper
montse,nieves
montserrat,niezgorsky
mooney,nightingale
mooo,nijjar
moore,nikayin
mor,niki
morad,nikolett
moral,nillson
moran,nilsson
morgan,nobert
morgane,noe
morice,noel
morris,nogales
morrissey,noguera
morten,nogxina
morton,noname
moshe,noon
mr.,nordin
mrs,nordling
muhmed,noregua
mullane,norman
muller,norris
munari,norris.
munro,nottingham
murphy,nottle
murty,nourai
musa,nourbakhsh
muy,nourish
mya,nugent
myer,nunag
myranda,nunn
myriam,nuñez
myrthala,nystrom
nadal,o'brien
nadezhda,o'hare
nadia,o'louchlan
nadine,o'malley
nadja,o'mara
nagy,o'neil
nahid,o'shea
nahuel,obiols
nailya,oceallaigh
najun,ochoa
nalini,odriozola
nalleli,odwyer
nally,ofetsth
nana,ogden
nanan,ogilvie
nancie,ojeda
nancy,okabe
nandy,okoye
nannette,ola
nanny,olan
nansy,olander
naomi,olaru
narcisa,olbrich
narelle,olden
naseem,olea
nasrin,olga
nata,olguin
natali,olivares
natalia,olivas
natalie,oliveira
natalies,oliver
nataliia,olivera
nataly,olivier
natalya,olivieri
natascha,ollier
natasha,olmedo
nate,olocco
natella,olsen
nathalia,olszewski
nathalie,omalley
nathallie,omar
nathalya,onieal
nathan,onyekere
nathaniel,opshaug
nathyla,orca
nawfal,ordaz
nayeli,orem
naykeri,orendain
nazira,orillac
neda,orimann
nedim,oringer
neelam,orlando
neetha,orlova
neeti,orme
negin,orozco
neha,ortega
neil,ortiz
nejla,ortmann
nele,ortquist
nelly,osband
nelson,osborn
nemorin,osborne
nerijus,oseguera
nesha,osmond
nestor,osorio
nevis,ospina
new,osterhold
newguest,ostfeld
nicci,oswald
nicholas,otis
nicholine,ott
nichool,ouadha
nick,ouellet
nicki,ousley
nickola,ovens
nicky/heather,overlock
nico,owens
nicola,owers
nicolaios,ozer
nicolaos,ozlanska
nicolas,paananen
nicole,pablo
nicolena,pace
nicoletta,pacente
nicolette,pacheco
nicolle,pack
nidhi,padilla
nidia,pagadora
niels,pagano
nigel,page
nikeeta,paine
nikhita,palacios
niki,paladino
nikita,palafox
nikki,palermo
niklas,palma
niko,palmer
nikolaos,pamela
nikoletta,pampel
nil,panella
nima,paneri
nina,paquette
ninfa,paradas
ninive,paragioudakis
ninsun,parcells
ninua,pare
nisarut,paredes
nisha,parfitt
niss,parikh
nissim,parke
nitsanne,parks
niv,parmacek
niveditha,parmenter
noa,parra
noah,parrish
noberto,parsons
noe,pascal
noel,paskin
noelle,paspa
noemi,passalacqua
noise,passanisi
nok,passarelli
nola,pastor
nolan,pastos
noma,pastrana
nomi,patel
noor,pateras
noorulain,patricia
nora,patrick
norbert,patron
norberto,pattanyus
noreen,patterson
norelis,paul
norena,paula
norman,paulich
norris,paulo
nosheen,pavan
not,pavlin
nourba,peacock
novian,peak
nozomi,pearl
nqabakazi,pearson
nthenya,pease
nugent,peat
nui,peck
nupur,pecou
nuria,pedersen
nutrivec,pedi
nuttall,pedraza
nydis,pedro
nyere,pee
o'brien,peffer
oakley,pelaes
ocallaghan,peleg
ocean,pelletier
octavia,penalosa
octavio,pendergast
ofa,pendleton
ofek,penhaskashi
ofmara,peniche
oftal,pepper
ohayon,pequeno
oihana,perales
oja,peralta
oksana,peraza
ola,percasky
olaf,perdomo
olalla,peredelsky
olena,pereira
olga,perez
olivenza,perl
oliver,perlin
olivera,perlman
olivia,perpar
olivier,perri
ollie,perricone
olof,perrina
olsen,perroti
oly,perry
omalley,pertler
omar,pertsinidis
omri,peruano
oona,pes
ophira,pesqueira
oracio,peter
oriana,peters
orlanda,petersen
orlando,peterson
orry,petitjean
orvin,petro
orysia,petrose
orzai,petrusich
osborn,pett
oscar,pettengell
osiel,pettis
osman,petzi
osvaldo,peyro
osvando,peyser
osvelia,peyvan
oswaldo,pezzotti
ota,peña
otilia,pfau
otra,pfeil
otto,phah
owen,pham
o´farrell,phelan
pablo,phelis
pabo,philinda
paco,philip
paddy,philippa
paid,philips
paige,phillips
paizley,photographer
palle,photoshooting
palma,phrachanh
paloma,picard
palpu,piccioli
pam,picco
pamela,piccoli
pandora,pickett
paola,pickford
paoli,pidcock
paolo,piecuch
papa,piedi
papadimitriou,piere
para,pierre
pari,pilcher
paris,pillsbury
parker,pinarli
parking,pineda
parrish,pinedo
parul,pinkwater
parvati,pinto
pascal,piper
pascale,pirathiba
pasquale,pires
pat,pirry
pathmanathan,piscione
paton,pizanti
patrcio,plante
patric,platon
patrice,platzer
patricia,pliego
patricio,plummer
patrick,poga
patrizia,pola
patti,polat
patty,polio
pau,polishook
paul,politzer
paula,pommard
paulette,ponko
paulien,ponson
paulin,ponti
paulina,popadic
paulina/,pope
pauline,popish
paulinehorwits,popolo
pawluk,por
paz,porche
pazcual,porter
peabody,portillo
pearl,portocarrero
pecchiar,possenti
pedi,post
pedicure,potier
pedro,pott
peggy,pottenger
peliroja,pottinger
pemberton,poucel
penelope,povich
penny,powell
penthana,power
pepe,powis
pere,pozzeti
perihan,prado
perla,praeger
pernilla,pranger
pernille,prasad
perry,prassad
persis,prather
pete,pratt
peter,preciado
petra,preiss
petter,prempeh
petty,prescott
pfahlert,presidente
phadke,press
phaedra,pressburg
pham,pressburg/kinsey
philinda,preston
philip,priecel
philippe,priest
phillip,prill
phillipe,prince
phillipp,pritcharno
phillippe,privat
phillips,procter
phoebe,production
photo,prommer
phung,prosperi
picazo,pueblo
pier,puig
piere,puley
piero,pulido
pierre,pulve
pietro,pummer
pietrocapitaneo,purcell
pilar,putnam
pilates,pyle
pima,quad
piotr,quaintance
piper,quesada
pit,quezada
pizanti,quintana
pleamon,quintero
plews,quirk
plint,quiñones
polina,rachel
polly,rademaker
pony,radetich
poonam,radford
poppy,radiant
por,radzko
porfirio,rae
port,rafael
poul,raffan
pouneh,rafferty
powell,raghunathan
prakash,ragonese
precious,rahn
preeya,raible
preston,raiola
pricilla,rajan
priscila,rajmohan
priya,rallo
prof,ramirez
propin,ramnani
propina,ramon
propinas,ramos
prudence,ranalletti
prudy,randazzo
prue,ranegie
prueba,raneri
publico,rannells
puja,raoult
pyzikiewicz,raquel
quetzal,raskin
quick,rasmussen
quinlan,ratapong
quinn,ratcliff
raanan,rateau
rachael,rattenbury
rachel,rattray
rachele,rausch
rachelle,rawlins
rachid,ray
racquel,rayek
radnedge,rayes
radovan,reaijnhart
rae,reale
raeleen,rebak
rafael,rebecca
rafaela,rebei
rafal,rebolledo
raffael,recep
raffaella,recepcion
raffi,rechtien
raffie,reece
rahel,reed
rahm,reel
raimondo,reese
raimundo,reeser
raina,reeveo
raine,regula
rainer,reicherter
rainy,reid
raj,reijerse
rajorshi,reinsch
ralf,remedios
ram,remis
ramandeep,remnant
ramchandra,remy
ramirez,renan
ramiro,rendon
ramm,reola
ramon,reserva
ramona,residencia
ramraghi,retreat
ramses,rey
randa,reyes
randall,reynaud
randy,reynolds
rangel,rezanour
rania,rhine
ranjani,rhoades
rannveig,rhodes
raoul,rhyan
rapoport,ribero
raquel,ribsan
rashid,ricardo
rasika,richards
rasmus,richardson
ravi,richert
ray,richman
rayco,richter
raymond,ricky
raymundo,riddle
raúl,rider
rchneiderova,rieder
rebeca,riedinger
rebecca,riedler
rebecka,riegel
rebekah,rienzie
reddin,riera
reed,rierson
reem,riess
regan,riley
reggie,rimer
regina,rincon
regine,rini
reina,rios
reiniel,riot
remo,risser
remove,ritchie
remund,rivard
ren,rivas
rena,rivera
renata,rivero
renato,rizo
renaud,roach
rene,robenbeck
renee,roberson
renetao,robert
reno,roberts
renta,robertson
rentas,robinson
reparacion,rocha
reparando,rochdi
reserva,roche
reserved,rockefeller
residencia,rodecki
rest,roderick
restauran,rodgers
restaurant,rodirguez
reta,rodrigo
reto,rodrigues
retreat,rodriguez
rey,rogelio
reynaldo,rogere
reza,rogers
rhee,rohan
rhianna,rojas
rhonda,rojo
rhys,romain
ricarda,romaneck
ricardo,romboli
riccardo,rome
rich,romero
richarc,romeu
richard,romney
richardson,romo
richie,roniger
richika,room
rici,rorell
rick,rosado
ricki,rosales
rickie,rosas
ricky,rose
rigoberto,rosen
rigoderto,rosenberg
rihard,ross
riki,rossano
rikki,rossi
riley,rosso
rima,roston
rimal,roth
risa,rothery
rishi,rothman
rita,rouhani
rivkah,route
riza,rowland
rizwan,roy
rizzo,rubi
rob,rubin
robb,rubinstein
robbie,rubio
robbin,rude
robert,rueth
roberta,ruffin
roberto,rui
robertson,ruiz
robin,rule
robinson,ruotolo.
robson,russell
robyn,rusu
rocco,rusznyak
rochell,ruyol
rochelle,ryan
rocio,ryder
rocko,rykse
rodgers,saavedra
rodney,sabato
rodolfo,sabzi
rodrigo,sacca
rogelio,sacks
roger,sacoccio
rogerio,sadd
roisin,sadeghi
roland,sadiq
rolando,saegert
rolf,safran
romain,sager
roman,saidman
romane,saigin
romina,sakellaropoulas
romualdo,salamanca
ron,salazar
rona,saldivar
ronald,saleem
ronise,salgado
ronit,salina
ronja,salinas
ronni,salluce
rony,salomon
room,salsedo
rory,saluja
rosa,salvatierra
rosalina,sam
rosalind,samantha
rosana,samantha.
rosanna,samarguliani
rosanne,same
rosario,samek
rose,sampso
roselli,samsara
rosemary,samuel
rosi,samuels
rosie,san
rosier,sanches
rosina,sanchez
rosing,sandeep
rossana,sanders
rossane,sandhu
rossi,sandoval
rosy,sandrian
rowan,sandro
roxana,sanfield
roxane,sanfillipo
roxanne,sanjuan
roxie,sant
roxy,santamaria
roy,santana
royce,santiesteban
royden,santillán
royer,santo
rozelle,santodomingo
rubem,santos
rubemm,sapien
ruben,sapna
rubi,sarabia
ruby,sarah
ruchika,sarandrea
rucks,sarette
rucksana,sarkar
rue,sarlo
rumina,saroj
rune,sarquis
rupa,sartorio
rusnakova,sascha
russ,satterkee
russell,sauceda
ruth,sauer
ruthie,saunders
ruthy,sauro
ruvindya,saurty
ryan,savino
ryanne,savoie
rylan,sawaya
rylee,sawyer
saagar,sblendorio
saam,scala
saba,scarcini
sabah,scarff
sabina,scarnatto
sabine,schaefer
sabino,schandelmeier
sabra,schattkowsky
sabrina,schauf
sacha,scheer
sachpreet,scheinman
sadd,schemansky
sahie,schembri
sahl,scherer
sahle,scherp
salamone,schetzsle
salavador,scheuer
salazar,schiavoni
sallie,schieferstein
sally,schiekofer
salmon,schifferdecker
salome,schimmel
salvador,schipke
salvatore,schivy
sam,schlager
saman,schlesinger
samanta,schmidt
samantha,schnaid
samar,schnapp
samara,schneider
samaria,schnorr
sami,schoenborn
samir,schoendorf
samira,scholfield
sammy,schoonover
samson,schravesande
samuel,schubert
sandeep,schuelke
sandra,schuerfeld
sandrine,schulder
sandy,schulman
sangra,schultz
sanjoy,schurch
sanna,schustir
sanne,schwab
sansara,schwabsky
santa,schwartz
santiago,schwegel
santino,schweitzer
sanuel,schweizer
saphia,schönborn
sapna,scmeo
sara,scott
sarah,scuras
sarai,seale
saranel,searles
saraswathi,sebastian
saremi,second
sari,segle
sarina,segura
sarmiento,seguridad
sarrah,seigel
sasha,seilheimer
sashak,selmy
saskia,sencenbaugh
sassy,senders
sat,seneca
satin,senechal
satish,senior
satori,senn
satya,senor
saunders,sepulveda
sauri,serais
savanna,sergio´s
savannah,serna
saveria,serrano
savhanna,serre
scalp,servantes
scarlett,severi
schanita,sevin
schmidt,sezer
scholarship,sfakianos
schratl,shafran
schroeder,shah
schubert,shahinfar
schwemmer,shalom
scorza,shanks
scott,shanna
scotty,shannkhappa
seamus,shannon
sean,shanon
seana,shapiro
seb,shaun
sebastian,shaw
sebastien,shchori
second,shea
segundo,sheedy
seidel,sheffman
selamamt,sheiner
selena,shell
selene,shelton
selin,shepard
selina,shepley
semhar,sheppard
sepideh,sherine
sera,sherman
serdar,sherry
seren,sheyla
serena,shienbaum
sergio,shimono
servaes,shimzu
servicio,shingle
sesion,shishkovskiy
seth,shiverick
seval,shockley
severo,shoemaker
señora,shojai
shabon,shorr
shadi,shotton
shadia,shoup
shae,shultz
shahab,shumate
shai,shunn
shakira,shymanksi
shalane,siamo
shalev,siboni
shalita,sica
shamsa,sidhu
shan,siegel
shana,sielert
shanaz,sierra
shane,sigmun
shanell,sigmund
shani,signol
shanna,sigurdur
shannan,sikorska
shannon,silk
shantal,silva
shar,silveira
sharaia,silver
shari,silvernail
sharla,silvestri
sharnjit,silvia
sharon,simich
sharookh,simmons
shashi,simon
shaun,simpson
shauna,sims
shaunna,singh
shawn,siniak
shawna,siniscalchi
shay,sirma
shayna,sison
shayne,sivalon
shazia,sjoholm
sheehan,skaane
sheila,skalko
shela,skancke
shelbey,skinner
shelbie,skoglund
shelby,slaught
sheldon,slepin
shelley,sloan
shelly,slobodow
shenna,slocum
shera,sloofman
shereen,sminoff
sheridan,smirnov
sherlock,smith
sherri,smolej
sherrie,snell
sherry,snider
sheryl,sokolovsky
shewatsehai,solanas
shewta,solano
shideh,soldi
shiela,solecki
shigei,soledad
shigeko,solis
shilpa,solomun
shipra,solorzano
shira,soltero
shireen,somorjai
shirelle,sood
shirikant,sophie
shirley,sorensen
shivani,sorenson
shlomit,soria
shmuel,sosa
sholeh,soto
shonali,soued
shoula,southwell
shrabya,sowter
shreya,soyars
shun,spa
sian,spadaro
sibo,spain
sibylla,sparaco
sibylle,spark
sidne,sparks
sidonie,spearman
sienna,spector
sienne,speidel
sierra,spelman
siffat,spence
signe,spencer
silk,spizuoco
silke,spuhler
silva,spyrou
silvana,srivasatava
silvia,st.
sima,staba
simecek,stabile
simg,stabio
simmons,staedeli
simon,staff
simona,stafford
simone,stahl
sin,stallone
sireesha,stalnaker
sirena,stanchi
sitara,stanley
sivanne,stanzione
sjoerd,star
skaro,stark
skolska,starr
skye,stavena
skyler,staying
slava,steele
sloan,steen
sloane,steffens
sloat,stegon
smeloff,stein
smith,steinberg
smitha,steinz
social,stellar
socrates,stelzer
soe,stenger
sofia,stephanie
sogol,stephens
sokphea,stern
solana,sterner
solange,steve
solene,stevens
solomon,stevenson
somaiya,stewart
sonali,sthepanie
sonia,stierwalt
sonya,stock
soo,stockton
soohyun,stoltz
sopal,stone
sophia,stotes
sophie,stowell
soraya,strack
soseh,strano
soshi,strauss
souli,strehl
sound,streichenberger
sovay,streif
sp1.ltd,stroll
spa,stronberg
special,stross
spencer,stuart
spike,stuckslager
spooner,stucky
sr.,stylist
srisakuna,stzoser
stacey,suarez
stacia,subbaraman
stacy,subieta
staff,sullivan
staley,sum
stallard,sumerson
stan,sunderland
stangneth,sundin
stanislas,sundstrom
stanley,sunem
staple,suojansalo
starr,sura
stasy,susan
stavroula,sutton
stefan,suzanne
stefana,suzuki
stefani,swaak
stefania,sweet
stefanie,swenson
stefano,sweredoski
steffanie,sydow
stefii,syer
stefny,sylvestre
stefy,szablowska
stella,szabo
stepahanie,szkolnik
stephane,taborek
stephanie,taerk
stephany,taibi
stephea,talmadge
stephen,talón
stephenson,tam
steve,tamayo
steven,tamorri
stevhen,tangrad
stevo,tanikawa
sthephen,tanner
stonnie,tapia
storage,taplin
storm,tarallo
story,tarica
strom,tarot
strong,tarzian
stuart,tasker
stylist,tassé
sue,tate
suet,taus
sufi,tavares
sujei,taveras
suma,taylor
summer,taymizyan
summers,tba
sun,tbd
sunawin,teacher
sunayna,tejeda
sunny,temazcal
sunshine,tempel
suraj,temple
sureli,tena
surrie,tenenbown
susan,terrazas
susana,terry
susannah,teru
susie,test
sussie,teufel
susur,tex
susy,thakraborty
suzan,thalji
suzannah,thatcher
suzanne,the
suzie,their
suzy,theo
sven,theresa
sybille,therrien
sydney,thibaut
sylvain,thierfelder
sylvia,thiermann
sylvie,thomas
t'neille,thompson
t'nisha,thorman
tabina,thornberg
taffy,thornton
taghi,thorp
tahir,thur
tahni,tiberi
tal,tigrett
talbot,timmons
tali,timmothie
talita,timsina
talitha,ting
taly,tinonco
talya,tinyo
tamara,tirel
tamay,title
tami,titus
tamim,tizzoni
tamina,tobias
tammy,tobiasen
tamsin,tocco
tanguy,todd
tania,tohme
tanja,toleti
tanner,tolibas
tannis,tomasovich
tanya,tonnessen
tanyia,tony
tao,toone
tara,torez
tarah,toriello
tarot,toro
tarra,torrente
tarren,torres
taryn,torrey
tasha,torrez
tasiopoulos,tour
taso,toussaint
tata,townsend
tate,toy
tatia,toyo
tatiana,toyota
tauni,trabado
tawnie,trabajara
tawny,trainer
tawnya,training
tayler,tram
taylor,tran
tayo,tranent
tba,tranes
tbd,trapote
teacher,travis
teachers,traytele
teale,tre
teck,tregenza/atkins
ted,tremari
tedda,tremblay
teddy,trent
teegan,trentacoste
tegan,trentalancia
tehmina,tres
tejal,treviño
telsys,trifoglio
temma,trinel
tener,trinks
tennielle,tritsis
teresa,tritten
teri,trivedi
terri,trivelli
terry,troisi
teryl,tromberg
tes,tromelin
tesi,trommen
tess,troni
tessa,troy
test,trudel
testing,trueman
tetiana,trujete
thaci,truscott
thai,trynka
thais,tsai
thalia,tschape
thanassis,tseng
thanh,tucker
thania,tufino
thea,tullo
theda,tung
theodore,turcotte
theresa,turino
therese,turken
thibaut,turnage
thierry,turner
third,tyquin
thomas,tyson
thorbjoern,ufberg
thorsten,uhrig
thu,ujvari
thue,ulises
tiff,umhoefer
tiffany,unda
tiffeani,under
tilo,underwood
tily,unter
tim,unwalla
timothy,urban
timur,uribe
tina,urtiaga
tine,urzyu
ting,ustaran
tip,v.v.t.c.
tips,vaden
tirma,vahaviolos
tisha,valdes
toallas,valdevenito
tobi,valdez
tobias,valdivia
tobie,valenti
toby,valentina
todavia,valentine
todd,valerio
tolin,valinoti
tom,valle
tomas,valleau
toni,van
tony,vanburen
tonya,vanden
tooner,vanderhoop
tootsie,vanderploeg
tori,vanessa
tour,vanos
touriya,vanroten
trabajos,vara
trabando,vargas
trace,varma
tracey,vartoukian
traci,vasileff
tracie,vasquez
tracy,vazar
tracye,vazquez
tranta,veall
travis,vecerril
trefor,vedel
trenton,vega
tressa,vela
trev,velasquez
trevor,veley
treweek,velez
tricia,velázquez
trina,vendido
trinity,vendruscolo
trish,venegas
trisha,venezia
trista,venta
tristram,ventas
troy,venzor
tré,verdicchio
tulik,verdu
tulin,vernau
tulip,veronica
tuongvy,vesole
twyla,veson
tydeman,via
tye,vialpando
tyler,vicencio
tyra,viciedo
tyrone,vicky
tzipora,victoria
ula,vidal
ulises,videla
ullises,video
ulrika,videomaker
ulrike,vides
ulrikke,vidot
una,vieira
unders,viggiani
urban,vignola
urlich,villa
ursina,villalobos
ursula,villanueva
usiel,villaseñor
uvljv,vilspoell
uziel,virguez
uzma,virlas
vaernewyck,visconti
vagram,vise
vahe,viseppo
vainius,vital
vaishali,viu
val,viviana
valentina,vizconde
valentine,vogel
valeri,voisin
valeria,volent
valeriaa,voltaire
valerie,von
valeriya,vonsaher
valiance,vurnbrand
van,wade
vandorsselaer,wagner
vanesa,wait
vanessa,wak
varam,walk
vartan,walker
ved,walkin
veida,walking
velina,walkins
venkata,wall
venta,wallace
ventas,wallen
venture,walsh
vera,walta
verena,walter
veritl,walters
veronia,walton
veronica,wang
veronik,wapinski
vesi,wapman
via,warat
viaadventures,ward
viaventure,ware
vibeke,warman
vicente,warner
vichelle,warren
vicki,warwick
vicky,wassong
victor,watkin
victoria,watkins
victorino,watson
vieto,watts
vignau,wayans
vijay,waymouth
viki,wayne
vikki,webb
villa,webber
villamon,weber
vincell,webster
vincent,weege
vinita,weeks
vinny,wegner
violaine,weidemnan
violen,weinberg
violoncella,weinger
vip,weinstein
virgi,weir
virgini,weisenthal
virginia,weisman
viridiana,weiss
visitor,welch
vit,wells
vitorio,welsh
vittoria,wendel
vittorio,wendy
viven,werner
vivi,werring
vivia,wertman
vivian,wescoat
viviana,wessel
vivien,west
vivienne,westin
vjeffrey,westphal
vlada,westveer
vladimir,wetherell
vlastimil,wexler
votech,weyn
vyda,whelan
wael,white
wak,whitehead
wal,whitelaw
walcot,whiteman
waldell,whiterobbinson
walk,whiteside
walker,whitney
walkin,wiggins
walking,wilansky
wall,wilburn
wallace,wild
wallk,wilder
walter,wiley
walterio,wilfred
walton,wilkins
wanda,wilks
wang,will
wardley,william
wardrobe,williams
warn,williem
warneke,willis
warnett,willstein
warren,wilma
waser,wilson
watson,winfree
wayne,wingo
weingraber,winhold
welch,winkler
wen,winner
wendy,winslow
werner,winter
wes,wirsing
wesley,wish
west,with
whai,woehlke
wheatley,wojcik
whitnee,wojnowich
whitney,wolf
whittaker,wolfe
wife,wolfson
wight,wong
wii,wood
wilber,woodard
wilkie,woods
will,woody
willem,woolley
william,wouter
williams,wozniak
willian,wren
wilson,wright
wlk,wulfers
wolfgang,wung
woods,wöge
wren,xavier
wright,xieveria
wyatt,yael
wylie,yaffe
xasmin,yaga
xavier,yam
ximena,yan
xomara,yates
xuan,yazici
yabiku,yeruko
yadi,yoder
yadira,yoga
yael,york
yahir,you
yam,youchen
yamel,youelles
yamila,young
yamile,yui
yamuna,yun
yanais,yunes
yane,yusupova
yaneli,zabala
yanie,zabel
yanik,zacarias
yannick,zacharias
yanya,zachary
yareni,zahedi
yazmin,zahorsky
yeliz,zaitz
yer,zajdman
yeraldine,zakresi
yessica,zakreski
yev,zaldivar
yeva,zamani
yifei,zambrano
yigit,zamora
yimi,zamorano
yin,zamudio
ying,zandri
yoana,zapata
yoga,zaragoza
yohara,zarr
yolanda,zarzur
yonatan,zavala
yonos,zazueta
yossi,zdarsky
youmna,zehbrauskas
yovana,zeifman
yozune,zeitoun
yuko,zelin
yulan,zeljazkow
yury,zemke
yuval,zenor
yuvi,zetina
yvan,zhang
yvette,zhubi
yvonne,zijada
zach,zimmerman
zachary,zinat
zack,zindros
zackery,zisman
zak,zoe
zayan,zohrenejad
zeinab,zolt
zena,zornes
zhao,zuart
zoe,zubiran
zohe,zugasti
zoi,zulijani
zou,zulkowski
zsuzsanna,zundel
zuleica,zuniga
zuzana,zurilla
